<beans xmlns="http://www.springframework.org/schema/beans"
       xmlns:xsi="http://www.w3.org/2001/XMLSchema-instance"
       xsi:schemaLocation="
		http://www.springframework.org/schema/beans 
		http://www.springframework.org/schema/beans/spring-beans-3.2.xsd">

    <bean id="gestionMaterielService" class="com.ensa.gi4.service.impl.GestionMaterielServiceImpl">
        <constructor-arg ref="dao"/>


    </bean>

    <bean id="gestionMaterielController" class="com.ensa.gi4.controller.GestionMaterielController">

        <constructor-arg ref="gestionMaterielService"/>
       <!-- <property name="gestionMaterielService" ref="gestionMaterielService"/> -->
    </bean>
    <bean id="dataSource" class="com.ensa.gi4.datatabase.DataSource"/>
    <bean id="dao" class="com.ensa.gi4.dao.DaoImp">

        <constructor-arg ref="dataSource"/>
    </bean>


</beans>
